{"cameraMode":{"drawMode":0,"name":"Shaded","section":"Shading Mode"},"sceneLighting":false,"audioPlay":false,"sceneViewState":{"showFog":true,"showMaterialUpdate":true,"showSkybox":false,"showFlares":true,"showImageEffects":true,"showParticleSystems":true},"in2DMode":false,"pivot":{"x":7.148860931396484,"y":-11.064021110534668,"z":8.453438758850098},"rotation":{"x":0.3684252202510834,"y":0.5830735564231873,"z":-0.3344736397266388,"w":0.6422625184059143},"size":25.432897567749025,"orthographic":false}