{"cameraMode":{"drawMode":0,"name":"Shaded","section":"Shading Mode"},"sceneLighting":false,"audioPlay":false,"sceneViewState":{"showFog":true,"showMaterialUpdate":true,"showSkybox":false,"showFlares":true,"showImageEffects":true,"showParticleSystems":true},"in2DMode":false,"pivot":{"x":-0.6823626160621643,"y":0.4087059497833252,"z":-1.903080940246582},"rotation":{"x":-0.15316180884838105,"y":0.8393990993499756,"z":-0.4246065616607666,"w":-0.30279895663261416},"size":0.7056495547294617,"orthographic":false}