{"cameraMode":{"drawMode":0,"name":"Shaded","section":"Shading Mode"},"sceneLighting":false,"audioPlay":false,"sceneViewState":{"showFog":true,"showMaterialUpdate":true,"showSkybox":false,"showFlares":true,"showImageEffects":true,"showParticleSystems":true},"in2DMode":false,"pivot":{"x":1.9372754096984864,"y":-0.43218421936035159,"z":1.2274091243743897},"rotation":{"x":0.295052707195282,"y":0.06901822239160538,"z":-0.021377282217144967,"w":0.9527803063392639},"size":7.5200629234313969,"orthographic":false}