{"cameraMode":{"drawMode":0,"name":"Shaded","section":"Shading Mode"},"sceneLighting":false,"audioPlay":false,"sceneViewState":{"showFog":true,"showMaterialUpdate":true,"showSkybox":false,"showFlares":true,"showImageEffects":true,"showParticleSystems":true},"in2DMode":false,"pivot":{"x":1.3421880006790162,"y":-1.050446629524231,"z":3.4918384552001955},"rotation":{"x":0.005549044813960791,"y":0.7505937814712524,"z":-0.006303638685494661,"w":0.6607115864753723},"size":2.6610605716705324,"orthographic":false}