{"cameraMode":{"drawMode":0,"name":"Shaded","section":"Shading Mode"},"sceneLighting":false,"audioPlay":false,"sceneViewState":{"showFog":true,"showMaterialUpdate":true,"showSkybox":false,"showFlares":true,"showImageEffects":true,"showParticleSystems":true},"in2DMode":false,"pivot":{"x":1.5201362371444703,"y":-0.4152812957763672,"z":-0.7139695882797241},"rotation":{"x":-0.5395932197570801,"y":0.4109089970588684,"z":-0.34034350514411929,"w":-0.6513470411300659},"size":6.934078216552734,"orthographic":false}