{"cameraMode":{"drawMode":0,"name":"Shaded","section":"Shading Mode"},"sceneLighting":false,"audioPlay":false,"sceneViewState":{"showFog":true,"showMaterialUpdate":true,"showSkybox":false,"showFlares":true,"showImageEffects":true,"showParticleSystems":true},"in2DMode":false,"pivot":{"x":-0.1269228607416153,"y":-1.6504696607589722,"z":5.821630001068115},"rotation":{"x":0.24963019788265229,"y":-0.012457014992833138,"z":0.0032316220458596946,"w":0.9682963490486145},"size":9.587562561035157,"orthographic":false}