{"cameraMode":{"drawMode":0,"name":"Shaded","section":"Shading Mode"},"sceneLighting":false,"audioPlay":false,"sceneViewState":{"showFog":true,"showMaterialUpdate":true,"showSkybox":false,"showFlares":true,"showImageEffects":true,"showParticleSystems":true},"in2DMode":false,"pivot":{"x":0.0,"y":0.5225979685783386,"z":-1.4901161193847657e-8},"rotation":{"x":0.31230470538139346,"y":-0.5543771386146545,"z":0.23569421470165254,"w":0.7345689535140991},"size":2.901577949523926,"orthographic":false}