{"cameraMode":{"drawMode":0,"name":"Shaded","section":"Shading Mode"},"sceneLighting":false,"audioPlay":false,"sceneViewState":{"showFog":true,"showMaterialUpdate":true,"showSkybox":false,"showFlares":true,"showImageEffects":true,"showParticleSystems":true},"in2DMode":false,"pivot":{"x":-0.4842952489852905,"y":1.8673654794692994,"z":6.066225051879883},"rotation":{"x":0.2790648639202118,"y":0.638867974281311,"z":-0.26676005125045779,"w":0.665604829788208},"size":2.9834046363830568,"orthographic":false}