{"cameraMode":{"drawMode":0,"name":"Shaded","section":"Shading Mode"},"sceneLighting":false,"audioPlay":false,"sceneViewState":{"showFog":true,"showMaterialUpdate":true,"showSkybox":false,"showFlares":true,"showImageEffects":true,"showParticleSystems":true},"in2DMode":false,"pivot":{"x":4.607914924621582,"y":7.811750411987305,"z":-2.532175064086914},"rotation":{"x":0.21164323389530183,"y":0.6991604566574097,"z":-0.2286597341299057,"w":0.6437118649482727},"size":26.584781646728517,"orthographic":false}