{"cameraMode":{"drawMode":0,"name":"Shaded","section":"Shading Mode"},"sceneLighting":false,"audioPlay":false,"sceneViewState":{"showFog":true,"showMaterialUpdate":true,"showSkybox":false,"showFlares":true,"showImageEffects":true,"showParticleSystems":true},"in2DMode":false,"pivot":{"x":-0.0611191987991333,"y":1.2233116626739503,"z":3.0100314617156984},"rotation":{"x":-0.037540920078754428,"y":0.9472939372062683,"z":-0.2948872745037079,"w":-0.11996763199567795},"size":3.349604368209839,"orthographic":false}