{"cameraMode":{"drawMode":0,"name":"Shaded","section":"Shading Mode"},"sceneLighting":true,"audioPlay":false,"sceneViewState":{"showFog":true,"showMaterialUpdate":true,"showSkybox":false,"showFlares":true,"showImageEffects":true,"showParticleSystems":true},"in2DMode":false,"pivot":{"x":-0.6202855110168457,"y":-0.2967386245727539,"z":-0.22862964868545533},"rotation":{"x":-0.2351711243391037,"y":-0.6332992315292358,"z":0.21080993115901948,"w":-0.7066172957420349},"size":8.943168640136719,"orthographic":false}