{"cameraMode":{"drawMode":0,"name":"Shaded","section":"Shading Mode"},"sceneLighting":false,"audioPlay":false,"sceneViewState":{"showFog":true,"showMaterialUpdate":true,"showSkybox":false,"showFlares":true,"showImageEffects":true,"showParticleSystems":true},"in2DMode":false,"pivot":{"x":0.7392930388450623,"y":2.303617477416992,"z":2.232508420944214},"rotation":{"x":0.5383735299110413,"y":0.027061589062213899,"z":-0.017329972237348558,"w":0.8421446681022644},"size":7.6303791999816898,"orthographic":false}