{"cameraMode":{"drawMode":0,"name":"Shaded","section":"Shading Mode"},"sceneLighting":false,"audioPlay":false,"sceneViewState":{"showFog":true,"showMaterialUpdate":true,"showSkybox":false,"showFlares":true,"showImageEffects":true,"showParticleSystems":true},"in2DMode":false,"pivot":{"x":-0.08263757079839707,"y":0.7826801538467407,"z":0.6749984622001648},"rotation":{"x":0.3529045879840851,"y":0.032271113246679309,"z":-0.012180039659142495,"w":0.9350232481956482},"size":1.7403733730316163,"orthographic":false}