{"cameraMode":{"drawMode":0,"name":"Shaded","section":"Shading Mode"},"sceneLighting":false,"audioPlay":false,"sceneViewState":{"showFog":true,"showMaterialUpdate":true,"showSkybox":false,"showFlares":true,"showImageEffects":true,"showParticleSystems":true},"in2DMode":false,"pivot":{"x":-0.2897723913192749,"y":-0.08237294852733612,"z":0.1653364896774292},"rotation":{"x":0.09412546455860138,"y":0.8459314107894898,"z":-0.15918311476707459,"w":0.5002016425132752},"size":0.8015784621238709,"orthographic":false}