{"cameraMode":{"drawMode":0,"name":"Shaded","section":"Shading Mode"},"sceneLighting":false,"audioPlay":false,"sceneViewState":{"showFog":true,"showMaterialUpdate":true,"showSkybox":false,"showFlares":true,"showImageEffects":true,"showParticleSystems":true},"in2DMode":false,"pivot":{"x":-2.57388973236084,"y":-2.1302149295806886,"z":1.0486581325531006},"rotation":{"x":-0.32339632511138918,"y":-0.5033812522888184,"z":0.21081531047821046,"w":-0.7731153964996338},"size":6.235398769378662,"orthographic":false}