{"cameraMode":{"drawMode":0,"name":"Shaded","section":"Shading Mode"},"sceneLighting":false,"audioPlay":false,"sceneViewState":{"showFog":true,"showMaterialUpdate":true,"showSkybox":false,"showFlares":true,"showImageEffects":true,"showParticleSystems":true},"in2DMode":false,"pivot":{"x":0.00000660933437757194,"y":0.00030438927933573723,"z":-0.00020779320038855076},"rotation":{"x":0.32066288590431216,"y":0.522371768951416,"z":-0.22079288959503175,"w":0.7586546540260315},"size":0.011098416522145272,"orthographic":false}