{"cameraMode":{"drawMode":0,"name":"Shaded","section":"Shading Mode"},"sceneLighting":true,"audioPlay":false,"sceneViewState":{"showFog":true,"showMaterialUpdate":true,"showSkybox":false,"showFlares":true,"showImageEffects":true,"showParticleSystems":true},"in2DMode":false,"pivot":{"x":-4.216242790222168,"y":-4.7735795974731449,"z":0.9709459543228149},"rotation":{"x":-0.3424237370491028,"y":-0.6086751222610474,"z":0.3277817666530609,"w":-0.6363698840141296},"size":20.48475456237793,"orthographic":false}