{"cameraMode":{"drawMode":0,"name":"Shaded","section":"Shading Mode"},"sceneLighting":false,"audioPlay":false,"sceneViewState":{"showFog":true,"showMaterialUpdate":true,"showSkybox":false,"showFlares":true,"showImageEffects":true,"showParticleSystems":true},"in2DMode":false,"pivot":{"x":-0.1354008913040161,"y":0.03601861000061035,"z":-0.2744593024253845},"rotation":{"x":-0.39115110039711,"y":0.49475014209747317,"z":-0.2653670907020569,"w":-0.729272723197937},"size":1.509141206741333,"orthographic":false}