{"cameraMode":{"drawMode":0,"name":"Shaded","section":"Shading Mode"},"sceneLighting":false,"audioPlay":false,"sceneViewState":{"showFog":true,"showMaterialUpdate":true,"showSkybox":false,"showFlares":true,"showImageEffects":true,"showParticleSystems":true},"in2DMode":false,"pivot":{"x":0.000030557624995708466,"y":0.000006428221240639687,"z":0.0000341637060046196},"rotation":{"x":0.32066288590431216,"y":0.522371768951416,"z":-0.22079288959503175,"w":0.7586546540260315},"size":0.010532747954130173,"orthographic":false}