{"cameraMode":{"drawMode":0,"name":"Shaded","section":"Shading Mode"},"sceneLighting":false,"audioPlay":false,"sceneViewState":{"showFog":true,"showMaterialUpdate":true,"showSkybox":false,"showFlares":true,"showImageEffects":true,"showParticleSystems":true},"in2DMode":false,"pivot":{"x":0.2474457025527954,"y":-2.51904296875,"z":0.4347881078720093},"rotation":{"x":0.1408476084470749,"y":0.8509214520454407,"z":-0.28804150223731997,"w":0.4160877764225006},"size":2.607541799545288,"orthographic":false}