{"cameraMode":{"drawMode":0,"name":"Shaded","section":"Shading Mode"},"sceneLighting":false,"audioPlay":false,"sceneViewState":{"showFog":true,"showMaterialUpdate":true,"showSkybox":false,"showFlares":true,"showImageEffects":true,"showParticleSystems":true},"in2DMode":false,"pivot":{"x":-0.5375768542289734,"y":1.7978487014770508,"z":5.161174774169922},"rotation":{"x":0.022385215386748315,"y":0.962965190410614,"z":-0.08428077399730683,"w":0.25529876351356509},"size":5.475057125091553,"orthographic":false}