{"cameraMode":{"drawMode":0,"name":"Shaded","section":"Shading Mode"},"sceneLighting":false,"audioPlay":false,"sceneViewState":{"showFog":true,"showMaterialUpdate":true,"showSkybox":false,"showFlares":true,"showImageEffects":true,"showParticleSystems":true},"in2DMode":false,"pivot":{"x":12.829981803894043,"y":-10.217269897460938,"z":10.432087898254395},"rotation":{"x":0.2790648639202118,"y":0.638867974281311,"z":-0.26676005125045779,"w":0.665604829788208},"size":19.371845245361329,"orthographic":false}