{"cameraMode":{"drawMode":0,"name":"Shaded","section":"Shading Mode"},"sceneLighting":false,"audioPlay":false,"sceneViewState":{"showFog":true,"showMaterialUpdate":true,"showSkybox":false,"showFlares":true,"showImageEffects":true,"showParticleSystems":true},"in2DMode":false,"pivot":{"x":-0.11368688941001892,"y":0.3680696189403534,"z":0.25733956694602969},"rotation":{"x":0.3484048545360565,"y":0.35022616386413576,"z":-0.14224828779697419,"w":0.8577893972396851},"size":2.1750001907348635,"orthographic":false}