{"cameraMode":{"drawMode":0,"name":"Shaded","section":"Shading Mode"},"sceneLighting":false,"audioPlay":false,"sceneViewState":{"showFog":true,"showMaterialUpdate":true,"showSkybox":false,"showFlares":true,"showImageEffects":true,"showParticleSystems":true},"in2DMode":false,"pivot":{"x":-3.242868185043335,"y":1.7256858348846436,"z":0.07973122596740723},"rotation":{"x":-0.017587052658200265,"y":0.9393934011459351,"z":-0.0481838658452034,"w":-0.3392191231250763},"size":2.792665719985962,"orthographic":false}