{"cameraMode":{"drawMode":0,"name":"Shaded","section":"Shading Mode"},"sceneLighting":false,"audioPlay":false,"sceneViewState":{"showFog":true,"showMaterialUpdate":true,"showSkybox":false,"showFlares":true,"showImageEffects":true,"showParticleSystems":true},"in2DMode":false,"pivot":{"x":0.3574981689453125,"y":1.234546422958374,"z":0.3607475161552429},"rotation":{"x":0.10752221196889878,"y":0.7315265536308289,"z":-0.11865377426147461,"w":0.6628090739250183},"size":4.970682621002197,"orthographic":false}