{"cameraMode":{"drawMode":0,"name":"Shaded","section":"Shading Mode"},"sceneLighting":false,"audioPlay":false,"sceneViewState":{"showFog":true,"showMaterialUpdate":true,"showSkybox":false,"showFlares":true,"showImageEffects":true,"showParticleSystems":true},"in2DMode":false,"pivot":{"x":-1.529541015625,"y":6.906747817993164,"z":0.8391239643096924},"rotation":{"x":0.21725815534591676,"y":0.7256646752357483,"z":-0.26511815190315249,"w":0.5968459248542786},"size":17.11798667907715,"orthographic":false}