{"cameraMode":{"drawMode":0,"name":"Shaded","section":"Shading Mode"},"sceneLighting":false,"audioPlay":false,"sceneViewState":{"showFog":true,"showMaterialUpdate":true,"showSkybox":false,"showFlares":true,"showImageEffects":true,"showParticleSystems":true},"in2DMode":false,"pivot":{"x":2.561812400817871,"y":-3.328493118286133,"z":2.477952003479004},"rotation":{"x":-0.2044920176267624,"y":-0.5618337392807007,"z":0.1457241028547287,"w":-0.7882663607597351},"size":8.0802583694458,"orthographic":false}