{"cameraMode":{"drawMode":0,"name":"Shaded","section":"Shading Mode"},"sceneLighting":false,"audioPlay":false,"sceneViewState":{"showFog":true,"showMaterialUpdate":true,"showSkybox":false,"showFlares":true,"showImageEffects":true,"showParticleSystems":true},"in2DMode":false,"pivot":{"x":-0.8978757858276367,"y":1.3706932067871094,"z":3.80649995803833},"rotation":{"x":0.2790648639202118,"y":0.638867974281311,"z":-0.26676005125045779,"w":0.665604829788208},"size":10.264725685119629,"orthographic":false}