{"cameraMode":{"drawMode":0,"name":"Shaded","section":"Shading Mode"},"sceneLighting":false,"audioPlay":false,"sceneViewState":{"showFog":true,"showMaterialUpdate":true,"showSkybox":false,"showFlares":true,"showImageEffects":true,"showParticleSystems":true},"in2DMode":false,"pivot":{"x":-0.24512599408626557,"y":2.3463149070739748,"z":-0.5011013746261597},"rotation":{"x":0.15964829921722413,"y":-0.8264287710189819,"z":0.2920854389667511,"w":0.45434996485710146},"size":3.065711498260498,"orthographic":false}