{"cameraMode":{"drawMode":0,"name":"Shaded","section":"Shading Mode"},"sceneLighting":false,"audioPlay":false,"sceneViewState":{"showFog":true,"showMaterialUpdate":true,"showSkybox":false,"showFlares":true,"showImageEffects":true,"showParticleSystems":true},"in2DMode":false,"pivot":{"x":-1.0651822090148926,"y":2.9231300354003908,"z":-0.747501015663147},"rotation":{"x":0.4133857488632202,"y":-0.5455994606018066,"z":0.3538818657398224,"w":0.6373401880264282},"size":1.1604688167572022,"orthographic":false}