{"cameraMode":{"drawMode":0,"name":"Shaded","section":"Shading Mode"},"sceneLighting":false,"audioPlay":false,"sceneViewState":{"showFog":true,"showMaterialUpdate":true,"showSkybox":false,"showFlares":true,"showImageEffects":true,"showParticleSystems":true},"in2DMode":false,"pivot":{"x":-2.261232852935791,"y":-0.9945006370544434,"z":13.211865425109864},"rotation":{"x":-0.1458137333393097,"y":0.1139562800526619,"z":-0.01684567518532276,"w":-0.9826311469078064},"size":9.51153564453125,"orthographic":false}