{"cameraMode":{"drawMode":0,"name":"Shaded","section":"Shading Mode"},"sceneLighting":false,"audioPlay":false,"sceneViewState":{"showFog":true,"showMaterialUpdate":true,"showSkybox":false,"showFlares":true,"showImageEffects":true,"showParticleSystems":true},"in2DMode":false,"pivot":{"x":-0.08045005798339844,"y":3.3889636993408205,"z":8.163919448852539},"rotation":{"x":0.30082735419273379,"y":0.63370281457901,"z":-0.2935912609100342,"w":0.6494714617729187},"size":7.182462692260742,"orthographic":false}