{"cameraMode":{"drawMode":0,"name":"Shaded","section":"Shading Mode"},"sceneLighting":false,"audioPlay":false,"sceneViewState":{"showFog":true,"showMaterialUpdate":true,"showSkybox":false,"showFlares":true,"showImageEffects":true,"showParticleSystems":true},"in2DMode":false,"pivot":{"x":1.4332306385040284,"y":-0.9708408117294312,"z":2.3297054767608644},"rotation":{"x":-0.06476866453886032,"y":0.9074945449829102,"z":-0.3861590027809143,"w":-0.15223591029644013},"size":3.102562665939331,"orthographic":false}