{"cameraMode":{"drawMode":0,"name":"Shaded","section":"Shading Mode"},"sceneLighting":false,"audioPlay":false,"sceneViewState":{"showFog":true,"showMaterialUpdate":true,"showSkybox":false,"showFlares":true,"showImageEffects":true,"showParticleSystems":true},"in2DMode":false,"pivot":{"x":-0.4472815990447998,"y":0.4084281921386719,"z":-0.38391005992889407},"rotation":{"x":-0.1755354404449463,"y":0.5835598707199097,"z":-0.13099128007888795,"w":-0.7819923162460327},"size":9.90761661529541,"orthographic":false}