{"cameraMode":{"drawMode":0,"name":"Shaded","section":"Shading Mode"},"sceneLighting":false,"audioPlay":false,"sceneViewState":{"showFog":true,"showMaterialUpdate":true,"showSkybox":false,"showFlares":true,"showImageEffects":true,"showParticleSystems":true},"in2DMode":false,"pivot":{"x":4.1968231201171879,"y":-1.4116058349609376,"z":-10.34361457824707},"rotation":{"x":0.3110944628715515,"y":-0.6415493488311768,"z":0.31966298818588259,"w":0.6242066621780396},"size":73.9975814819336,"orthographic":false}