{"cameraMode":{"drawMode":0,"name":"Shaded","section":"Shading Mode"},"sceneLighting":false,"audioPlay":false,"sceneViewState":{"showFog":true,"showMaterialUpdate":true,"showSkybox":false,"showFlares":true,"showImageEffects":true,"showParticleSystems":true},"in2DMode":false,"pivot":{"x":0.7800002098083496,"y":3.5900001525878908,"z":-2.384185791015625e-7},"rotation":{"x":-0.32529884576797488,"y":-0.6001503467559815,"z":0.29122745990753176,"w":-0.6702845096588135},"size":5.481973171234131,"orthographic":false}