{"cameraMode":{"drawMode":0,"name":"Shaded","section":"Shading Mode"},"sceneLighting":true,"audioPlay":false,"sceneViewState":{"showFog":true,"showMaterialUpdate":true,"showSkybox":false,"showFlares":true,"showImageEffects":true,"showParticleSystems":true},"in2DMode":false,"pivot":{"x":-2.9747304916381838,"y":-1.0041803121566773,"z":-0.2693830728530884},"rotation":{"x":-0.17589254677295686,"y":-0.6973665356636047,"z":0.18326058983802796,"w":-0.6702886819839478},"size":4.523342132568359,"orthographic":false}