{"cameraMode":{"drawMode":0,"name":"Shaded","section":"Shading Mode"},"sceneLighting":false,"audioPlay":false,"sceneViewState":{"showFog":true,"showMaterialUpdate":true,"showSkybox":false,"showFlares":true,"showImageEffects":true,"showParticleSystems":true},"in2DMode":false,"pivot":{"x":0.0,"y":1.4999988079071046,"z":2.384185791015625e-7},"rotation":{"x":0.5045268535614014,"y":0.10692829638719559,"z":-0.0631401389837265,"w":0.8544195890426636},"size":15.323695182800293,"orthographic":false}