{"cameraMode":{"drawMode":0,"name":"Shaded","section":"Shading Mode"},"sceneLighting":false,"audioPlay":false,"sceneViewState":{"showFog":true,"showMaterialUpdate":true,"showSkybox":false,"showFlares":true,"showImageEffects":true,"showParticleSystems":true},"in2DMode":false,"pivot":{"x":0.3824384808540344,"y":-1.642380714416504,"z":2.7173643112182619},"rotation":{"x":0.4107687771320343,"y":0.00849140528589487,"z":-0.0038204267621040346,"w":0.9117061495780945},"size":5.378489971160889,"orthographic":false}