{"cameraMode":{"drawMode":0,"name":"Shaded","section":"Shading Mode"},"sceneLighting":false,"audioPlay":false,"sceneViewState":{"showFog":true,"showMaterialUpdate":true,"showSkybox":false,"showFlares":true,"showImageEffects":true,"showParticleSystems":true},"in2DMode":false,"pivot":{"x":-0.19306974112987519,"y":-0.4108678698539734,"z":0.18190407752990724},"rotation":{"x":-0.12112350016832352,"y":0.07941824942827225,"z":-0.009714352898299694,"w":-0.9894250631332398},"size":2.792178153991699,"orthographic":false}