{"cameraMode":{"drawMode":0,"name":"Shaded","section":"Shading Mode"},"sceneLighting":false,"audioPlay":false,"sceneViewState":{"showFog":true,"showMaterialUpdate":true,"showSkybox":false,"showFlares":true,"showImageEffects":true,"showParticleSystems":true},"in2DMode":false,"pivot":{"x":0.5502169728279114,"y":-2.2071399688720705,"z":0.33283281326293948},"rotation":{"x":0.22172214090824128,"y":-0.04470885917544365,"z":0.010168144479393959,"w":0.9740753173828125},"size":9.499201774597168,"orthographic":false}