{"cameraMode":{"drawMode":0,"name":"Shaded","section":"Shading Mode"},"sceneLighting":false,"audioPlay":false,"sceneViewState":{"showFog":true,"showMaterialUpdate":true,"showSkybox":false,"showFlares":true,"showImageEffects":true,"showParticleSystems":true},"in2DMode":false,"pivot":{"x":-0.15515446662902833,"y":-0.19197285175323487,"z":1.4941959381103516},"rotation":{"x":-0.32529884576797488,"y":-0.6001503467559815,"z":0.29122745990753176,"w":-0.6702845096588135},"size":1.3110556602478028,"orthographic":false}