{"cameraMode":{"drawMode":0,"name":"Shaded","section":"Shading Mode"},"sceneLighting":true,"audioPlay":false,"sceneViewState":{"showFog":true,"showMaterialUpdate":true,"showSkybox":false,"showFlares":true,"showImageEffects":true,"showParticleSystems":true},"in2DMode":false,"pivot":{"x":-1.7153229713439942,"y":1.6457985639572144,"z":-1.9921176433563233},"rotation":{"x":0.1403505653142929,"y":0.7565658092498779,"z":-0.17267832159996034,"w":0.6149101257324219},"size":5.794952392578125,"orthographic":true}