{"cameraMode":{"drawMode":0,"name":"Shaded","section":"Shading Mode"},"sceneLighting":true,"audioPlay":false,"sceneViewState":{"showFog":true,"showMaterialUpdate":true,"showSkybox":false,"showFlares":true,"showImageEffects":true,"showParticleSystems":true},"in2DMode":false,"pivot":{"x":-1.1075587272644044,"y":-5.66524600982666,"z":-3.9863274097442629},"rotation":{"x":0.35824665427207949,"y":-0.6183241605758667,"z":0.3751940131187439,"w":0.5903956294059753},"size":19.48556900024414,"orthographic":false}