{"cameraMode":{"drawMode":0,"name":"Shaded","section":"Shading Mode"},"sceneLighting":false,"audioPlay":false,"sceneViewState":{"showFog":true,"showMaterialUpdate":true,"showSkybox":false,"showFlares":true,"showImageEffects":true,"showParticleSystems":true},"in2DMode":false,"pivot":{"x":-0.8393789529800415,"y":-0.5681183338165283,"z":-1.6961910724639893},"rotation":{"x":-0.06176387146115303,"y":0.9366968274116516,"z":-0.2698584496974945,"w":-0.21438723802566529},"size":4.426053047180176,"orthographic":false}