{"cameraMode":{"drawMode":0,"name":"Shaded","section":"Shading Mode"},"sceneLighting":false,"audioPlay":false,"sceneViewState":{"showFog":true,"showMaterialUpdate":true,"showSkybox":false,"showFlares":true,"showImageEffects":true,"showParticleSystems":true},"in2DMode":false,"pivot":{"x":3.239190101623535,"y":2.6791133880615236,"z":5.269875526428223},"rotation":{"x":0.10097402334213257,"y":-0.14951694011688233,"z":0.015358129516243935,"w":0.9835100769996643},"size":8.8330078125,"orthographic":false}