{"cameraMode":{"drawMode":0,"name":"Shaded","section":"Shading Mode"},"sceneLighting":false,"audioPlay":false,"sceneViewState":{"showFog":true,"showMaterialUpdate":true,"showSkybox":false,"showFlares":true,"showImageEffects":true,"showParticleSystems":true},"in2DMode":false,"pivot":{"x":1.5169199705123902,"y":-1.792944073677063,"z":2.382554292678833},"rotation":{"x":-0.11830183118581772,"y":-0.8774064779281616,"z":0.2789326012134552,"w":-0.3720652163028717},"size":4.203693389892578,"orthographic":false}