{"cameraMode":{"drawMode":0,"name":"Shaded","section":"Shading Mode"},"sceneLighting":false,"audioPlay":false,"sceneViewState":{"showFog":true,"showMaterialUpdate":true,"showSkybox":false,"showFlares":true,"showImageEffects":true,"showParticleSystems":true},"in2DMode":false,"pivot":{"x":-0.665745198726654,"y":1.341740369796753,"z":0.8566117286682129},"rotation":{"x":-0.06372778117656708,"y":-0.2507084012031555,"z":-0.015808260068297387,"w":0.9659468531608582},"size":2.646955728530884,"orthographic":false}