{"cameraMode":{"drawMode":0,"name":"Shaded","section":"Shading Mode"},"sceneLighting":true,"audioPlay":false,"sceneViewState":{"showFog":true,"showMaterialUpdate":true,"showSkybox":true,"showFlares":true,"showImageEffects":true,"showParticleSystems":true},"in2DMode":false,"pivot":{"x":-2.4466776847839357,"y":0.6229060888290405,"z":10.742297172546387},"rotation":{"x":-0.008414588868618012,"y":0.9540671706199646,"z":-0.29826661944389346,"w":-0.026915719732642175},"size":2.147986650466919,"orthographic":false}