{"cameraMode":{"drawMode":0,"name":"Shaded","section":"Shading Mode"},"sceneLighting":true,"audioPlay":false,"sceneViewState":{"showFog":true,"showMaterialUpdate":true,"showSkybox":false,"showFlares":true,"showImageEffects":true,"showParticleSystems":true},"in2DMode":false,"pivot":{"x":-0.8409686088562012,"y":1.579061508178711,"z":2.4013984203338625},"rotation":{"x":0.1403505653142929,"y":0.7565658092498779,"z":-0.17267832159996034,"w":0.6149101257324219},"size":7.104010581970215,"orthographic":true}