{"cameraMode":{"drawMode":0,"name":"Shaded","section":"Shading Mode"},"sceneLighting":false,"audioPlay":false,"sceneViewState":{"showFog":true,"showMaterialUpdate":true,"showSkybox":false,"showFlares":true,"showImageEffects":true,"showParticleSystems":true},"in2DMode":false,"pivot":{"x":-0.23813560605049134,"y":0.8791637420654297,"z":7.48460054397583},"rotation":{"x":-0.005617588758468628,"y":0.8895782232284546,"z":-0.4567096531391144,"w":-0.010989241302013398},"size":11.1892671585083,"orthographic":false}