{"cameraMode":{"drawMode":0,"name":"Shaded","section":"Shading Mode"},"sceneLighting":false,"audioPlay":false,"sceneViewState":{"showFog":true,"showMaterialUpdate":true,"showSkybox":false,"showFlares":true,"showImageEffects":true,"showParticleSystems":true},"in2DMode":false,"pivot":{"x":0.11305594444274903,"y":-1.635392189025879,"z":0.24329376220703126},"rotation":{"x":0.34316450357437136,"y":0.22941112518310548,"z":-0.08682997524738312,"w":0.9067175984382629},"size":7.5200629234313969,"orthographic":false}