{"cameraMode":{"drawMode":0,"name":"Shaded","section":"Shading Mode"},"sceneLighting":false,"audioPlay":false,"sceneViewState":{"showFog":true,"showMaterialUpdate":true,"showSkybox":false,"showFlares":true,"showImageEffects":true,"showParticleSystems":true},"in2DMode":false,"pivot":{"x":-0.798194944858551,"y":2.8248202800750734,"z":-0.9667790532112122},"rotation":{"x":0.4210166037082672,"y":-0.4276183843612671,"z":0.23549917340278626,"w":0.7644798755645752},"size":1.1604688167572022,"orthographic":false}