{"cameraMode":{"drawMode":0,"name":"Shaded","section":"Shading Mode"},"sceneLighting":false,"audioPlay":false,"sceneViewState":{"showFog":true,"showMaterialUpdate":true,"showSkybox":false,"showFlares":true,"showImageEffects":true,"showParticleSystems":true},"in2DMode":false,"pivot":{"x":1.3150255680084229,"y":3.51973295211792,"z":0.574580192565918},"rotation":{"x":-0.0042314110323786739,"y":0.994103193283081,"z":0.0999339148402214,"w":0.04207571968436241},"size":12.522894859313965,"orthographic":false}