{"cameraMode":{"drawMode":0,"name":"Shaded","section":"Shading Mode"},"sceneLighting":false,"audioPlay":false,"sceneViewState":{"showFog":true,"showMaterialUpdate":true,"showSkybox":false,"showFlares":true,"showImageEffects":true,"showParticleSystems":true},"in2DMode":false,"pivot":{"x":1.014499545097351,"y":0.02930307388305664,"z":-1.3521728515625},"rotation":{"x":-0.23869946599006654,"y":0.07875542342662811,"z":-0.019389763474464418,"w":-0.9678328037261963},"size":11.769404411315918,"orthographic":false}