{"cameraMode":{"drawMode":0,"name":"Shaded","section":"Shading Mode"},"sceneLighting":false,"audioPlay":false,"sceneViewState":{"showFog":true,"showMaterialUpdate":true,"showSkybox":false,"showFlares":true,"showImageEffects":true,"showParticleSystems":true},"in2DMode":false,"pivot":{"x":-0.2290070652961731,"y":0.4458809196949005,"z":-1.525547742843628},"rotation":{"x":0.08278772979974747,"y":-0.889400064945221,"z":0.178439199924469,"w":0.4126414358615875},"size":0.4693082571029663,"orthographic":false}