{"cameraMode":{"drawMode":0,"name":"Shaded","section":"Shading Mode"},"sceneLighting":false,"audioPlay":false,"sceneViewState":{"showFog":true,"showMaterialUpdate":true,"showSkybox":false,"showFlares":true,"showImageEffects":true,"showParticleSystems":true},"in2DMode":false,"pivot":{"x":-4.648448467254639,"y":0.4875532388687134,"z":0.9585269689559937},"rotation":{"x":0.2601640522480011,"y":-0.36616051197052,"z":0.1074008196592331,"w":0.8869839310646057},"size":18.200639724731447,"orthographic":false}