{"cameraMode":{"drawMode":0,"name":"Shaded","section":"Shading Mode"},"sceneLighting":false,"audioPlay":false,"sceneViewState":{"showFog":true,"showMaterialUpdate":true,"showSkybox":false,"showFlares":true,"showImageEffects":true,"showParticleSystems":true},"in2DMode":false,"pivot":{"x":3.5618228912353517,"y":-2.1712050437927248,"z":13.993139266967774},"rotation":{"x":-0.20767606794834138,"y":-0.22060462832450868,"z":0.04809030145406723,"w":-0.9518334865570068},"size":24.853443145751954,"orthographic":false}