{"cameraMode":{"drawMode":0,"name":"Shaded","section":"Shading Mode"},"sceneLighting":false,"audioPlay":false,"sceneViewState":{"showFog":true,"showMaterialUpdate":true,"showSkybox":false,"showFlares":true,"showImageEffects":true,"showParticleSystems":true},"in2DMode":false,"pivot":{"x":1.9126521348953248,"y":1.9612475633621216,"z":-0.7077800631523132},"rotation":{"x":-0.021521249786019326,"y":0.41750848293304446,"z":0.009899263270199299,"w":0.908403754234314},"size":1.6915702819824219,"orthographic":false}