{"cameraMode":{"drawMode":0,"name":"Shaded","section":"Shading Mode"},"sceneLighting":false,"audioPlay":false,"sceneViewState":{"showFog":true,"showMaterialUpdate":true,"showSkybox":false,"showFlares":true,"showImageEffects":true,"showParticleSystems":true},"in2DMode":false,"pivot":{"x":-1.401382327079773,"y":0.24398088455200196,"z":3.082301139831543},"rotation":{"x":0.15447770059108735,"y":-0.12303272634744644,"z":0.01931852288544178,"w":0.9801813364028931},"size":14.589375495910645,"orthographic":false}