{"cameraMode":{"drawMode":0,"name":"Shaded","section":"Shading Mode"},"sceneLighting":false,"audioPlay":false,"sceneViewState":{"showFog":true,"showMaterialUpdate":true,"showSkybox":false,"showFlares":true,"showImageEffects":true,"showParticleSystems":true},"in2DMode":false,"pivot":{"x":-1.5644726753234864,"y":-0.40128326416015627,"z":2.2000489234924318},"rotation":{"x":-0.2959410548210144,"y":0.4316694438457489,"z":-0.15234406292438508,"w":-0.8384281992912293},"size":7.80060338973999,"orthographic":false}