{"cameraMode":{"drawMode":0,"name":"Shaded","section":"Shading Mode"},"sceneLighting":false,"audioPlay":false,"sceneViewState":{"showFog":true,"showMaterialUpdate":true,"showSkybox":false,"showFlares":true,"showImageEffects":true,"showParticleSystems":true},"in2DMode":false,"pivot":{"x":0.10694527626037598,"y":1.8529093265533448,"z":-1.0131293535232545},"rotation":{"x":-0.3344869017601013,"y":0.5093708038330078,"z":-0.22400499880313874,"w":-0.7606028318405151},"size":3.659337282180786,"orthographic":false}