{"cameraMode":{"drawMode":0,"name":"Shaded","section":"Shading Mode"},"sceneLighting":false,"audioPlay":false,"sceneViewState":{"showFog":true,"showMaterialUpdate":true,"showSkybox":false,"showFlares":true,"showImageEffects":true,"showParticleSystems":true},"in2DMode":false,"pivot":{"x":-0.1668168157339096,"y":-0.09722352027893067,"z":0.9317205548286438},"rotation":{"x":-0.04599583521485329,"y":0.9187496900558472,"z":-0.11247041076421738,"w":-0.3757264018058777},"size":0.5429655313491821,"orthographic":false}