{"cameraMode":{"drawMode":0,"name":"Shaded","section":"Shading Mode"},"sceneLighting":true,"audioPlay":false,"sceneViewState":{"showFog":true,"showMaterialUpdate":true,"showSkybox":true,"showFlares":true,"showImageEffects":true,"showParticleSystems":true},"in2DMode":false,"pivot":{"x":205.00013732910157,"y":5.20001220703125,"z":-0.0000362396240234375},"rotation":{"x":0.13004164397716523,"y":0.8465777039527893,"z":-0.4572216868400574,"w":0.2399519383907318},"size":279.06109619140627,"orthographic":false}