{"cameraMode":{"drawMode":0,"name":"Shaded","section":"Shading Mode"},"sceneLighting":false,"audioPlay":false,"sceneViewState":{"showFog":true,"showMaterialUpdate":true,"showSkybox":false,"showFlares":true,"showImageEffects":true,"showParticleSystems":true},"in2DMode":false,"pivot":{"x":0.9272840619087219,"y":-1.0547428131103516,"z":-1.013929843902588},"rotation":{"x":-0.31344136595726015,"y":-0.11614557355642319,"z":0.03872356936335564,"w":-0.9417337775230408},"size":12.067733764648438,"orthographic":false}