{"cameraMode":{"drawMode":0,"name":"Shaded","section":"Shading Mode"},"sceneLighting":false,"audioPlay":false,"sceneViewState":{"showFog":true,"showMaterialUpdate":true,"showSkybox":false,"showFlares":true,"showImageEffects":true,"showParticleSystems":true},"in2DMode":false,"pivot":{"x":0.05766034126281738,"y":0.6275732517242432,"z":-1.1507285833358765},"rotation":{"x":-0.08665946871042252,"y":0.9051502346992493,"z":-0.22323483228683473,"w":-0.35127556324005129},"size":3.937499761581421,"orthographic":false}