{"cameraMode":{"drawMode":0,"name":"Shaded","section":"Shading Mode"},"sceneLighting":false,"audioPlay":false,"sceneViewState":{"showFog":true,"showMaterialUpdate":true,"showSkybox":false,"showFlares":true,"showImageEffects":true,"showParticleSystems":true},"in2DMode":false,"pivot":{"x":1.8349732160568238,"y":0.14600181579589845,"z":2.277935028076172},"rotation":{"x":-0.37505361437797549,"y":-0.3996437191963196,"z":0.18367742002010346,"w":-0.8160377740859985},"size":3.2707202434539797,"orthographic":false}