{"cameraMode":{"drawMode":0,"name":"Shaded","section":"Shading Mode"},"sceneLighting":false,"audioPlay":false,"sceneViewState":{"showFog":true,"showMaterialUpdate":true,"showSkybox":false,"showFlares":true,"showImageEffects":true,"showParticleSystems":true},"in2DMode":false,"pivot":{"x":-0.9820441007614136,"y":-0.28229206800460818,"z":2.2169125080108644},"rotation":{"x":0.05567263439297676,"y":-0.7007011771202087,"z":0.0549633614718914,"w":0.7092220187187195},"size":11.363360404968262,"orthographic":false}