{"cameraMode":{"drawMode":0,"name":"Shaded","section":"Shading Mode"},"sceneLighting":false,"audioPlay":false,"sceneViewState":{"showFog":true,"showMaterialUpdate":true,"showSkybox":false,"showFlares":true,"showImageEffects":true,"showParticleSystems":true},"in2DMode":false,"pivot":{"x":1.4789671897888184,"y":-0.834683895111084,"z":-0.6976222991943359},"rotation":{"x":0.01113582868129015,"y":0.986038327217102,"z":-0.1493348926305771,"w":0.07355425506830216},"size":10.067556381225586,"orthographic":false}