{"cameraMode":{"drawMode":0,"name":"Shaded","section":"Shading Mode"},"sceneLighting":true,"audioPlay":false,"sceneViewState":{"showFog":true,"showMaterialUpdate":true,"showSkybox":false,"showFlares":true,"showImageEffects":true,"showParticleSystems":true},"in2DMode":false,"pivot":{"x":-3.6650142669677736,"y":1.8977586030960084,"z":1.5517311096191407},"rotation":{"x":-0.052379753440618518,"y":0.3445049822330475,"z":-0.019182542338967325,"w":-0.9371877908706665},"size":19.20970344543457,"orthographic":false}