{"cameraMode":{"drawMode":0,"name":"Shaded","section":"Shading Mode"},"sceneLighting":false,"audioPlay":false,"sceneViewState":{"showFog":true,"showMaterialUpdate":true,"showSkybox":false,"showFlares":true,"showImageEffects":true,"showParticleSystems":true},"in2DMode":false,"pivot":{"x":1.3000001907348633,"y":2.0,"z":4.399999618530273},"rotation":{"x":0.5383735299110413,"y":0.027061589062213899,"z":-0.017329972237348558,"w":0.8421446681022644},"size":40.010372161865237,"orthographic":false}