{"cameraMode":{"drawMode":0,"name":"Shaded","section":"Shading Mode"},"sceneLighting":false,"audioPlay":false,"sceneViewState":{"showFog":true,"showMaterialUpdate":true,"showSkybox":false,"showFlares":true,"showImageEffects":true,"showParticleSystems":true},"in2DMode":false,"pivot":{"x":1.3879458904266358,"y":-0.4821743965148926,"z":4.002593994140625},"rotation":{"x":0.2765321433544159,"y":0.370583176612854,"z":-0.11662672460079193,"w":0.8790016174316406},"size":18.049131393432618,"orthographic":false}