{"cameraMode":{"drawMode":0,"name":"Shaded","section":"Shading Mode"},"sceneLighting":false,"audioPlay":false,"sceneViewState":{"showFog":true,"showMaterialUpdate":true,"showSkybox":false,"showFlares":true,"showImageEffects":true,"showParticleSystems":true},"in2DMode":false,"pivot":{"x":-0.5834856033325195,"y":0.5962731838226318,"z":-0.3324460983276367},"rotation":{"x":-0.1212160661816597,"y":0.8415489196777344,"z":-0.21156735718250276,"w":-0.48205456137657168},"size":4.537499904632568,"orthographic":false}