{"cameraMode":{"drawMode":0,"name":"Shaded","section":"Shading Mode"},"sceneLighting":false,"audioPlay":false,"sceneViewState":{"showFog":true,"showMaterialUpdate":true,"showSkybox":false,"showFlares":true,"showImageEffects":true,"showParticleSystems":true},"in2DMode":false,"pivot":{"x":-0.0007182825356721878,"y":0.005105271935462952,"z":-0.005085375159978867},"rotation":{"x":0.42792630195617678,"y":-0.18352897465229035,"z":0.0891985148191452,"w":0.880477786064148},"size":0.28214964270591738,"orthographic":false}