{"cameraMode":{"drawMode":0,"name":"Shaded","section":"Shading Mode"},"sceneLighting":false,"audioPlay":false,"sceneViewState":{"showFog":true,"showMaterialUpdate":true,"showSkybox":false,"showFlares":true,"showImageEffects":true,"showParticleSystems":true},"in2DMode":false,"pivot":{"x":0.200667142868042,"y":1.1526942253112794,"z":4.161381721496582},"rotation":{"x":0.0299372598528862,"y":0.15593113005161286,"z":-0.004713944625109434,"w":0.9873470067977905},"size":4.321600437164307,"orthographic":false}