{"cameraMode":{"drawMode":0,"name":"Shaded","section":"Shading Mode"},"sceneLighting":true,"audioPlay":false,"sceneViewState":{"showFog":true,"showMaterialUpdate":true,"showSkybox":false,"showFlares":true,"showImageEffects":true,"showParticleSystems":true},"in2DMode":false,"pivot":{"x":-1.8835868835449219,"y":-2.014016628265381,"z":0.5922837257385254},"rotation":{"x":-0.32339632511138918,"y":-0.5033812522888184,"z":0.21081531047821046,"w":-0.7731153964996338},"size":6.933905124664307,"orthographic":false}