{"cameraMode":{"drawMode":0,"name":"Shaded","section":"Shading Mode"},"sceneLighting":true,"audioPlay":false,"sceneViewState":{"showFog":true,"showMaterialUpdate":true,"showSkybox":true,"showFlares":true,"showImageEffects":true,"showParticleSystems":true},"in2DMode":false,"pivot":{"x":-5.538578033447266,"y":-1.288421630859375,"z":0.4727458953857422},"rotation":{"x":0.2802148461341858,"y":0.7197691202163696,"z":-0.4462617039680481,"w":0.45195600390434267},"size":82.07429504394531,"orthographic":false}