{"cameraMode":{"drawMode":0,"name":"Shaded","section":"Shading Mode"},"sceneLighting":false,"audioPlay":false,"sceneViewState":{"showFog":true,"showMaterialUpdate":true,"showSkybox":false,"showFlares":true,"showImageEffects":true,"showParticleSystems":true},"in2DMode":false,"pivot":{"x":0.8160001039505005,"y":3.5900001525878908,"z":-2.384185791015625e-7},"rotation":{"x":-0.36969611048698428,"y":-0.6257312297821045,"z":0.435284286737442,"w":-0.5314049124717712},"size":5.481973171234131,"orthographic":false}