{"cameraMode":{"drawMode":0,"name":"Shaded","section":"Shading Mode"},"sceneLighting":false,"audioPlay":false,"sceneViewState":{"showFog":true,"showMaterialUpdate":true,"showSkybox":false,"showFlares":true,"showImageEffects":true,"showParticleSystems":true},"in2DMode":false,"pivot":{"x":0.0009174533188343048,"y":0.0007179267704486847,"z":0.0026640817523002626},"rotation":{"x":0.10451016575098038,"y":0.728705883026123,"z":-0.11415991932153702,"w":0.6671081781387329},"size":0.6132385730743408,"orthographic":false}