{"cameraMode":{"drawMode":0,"name":"Shaded","section":"Shading Mode"},"sceneLighting":false,"audioPlay":false,"sceneViewState":{"showFog":true,"showMaterialUpdate":true,"showSkybox":false,"showFlares":true,"showImageEffects":true,"showParticleSystems":true},"in2DMode":false,"pivot":{"x":0.2567184269428253,"y":-0.9590868949890137,"z":-0.5844831466674805},"rotation":{"x":0.44603511691093447,"y":-0.0007823664345778525,"z":0.000359596248017624,"w":0.8950631618499756},"size":7.252263069152832,"orthographic":false}