{"cameraMode":{"drawMode":0,"name":"Shaded","section":"Shading Mode"},"sceneLighting":false,"audioPlay":false,"sceneViewState":{"showFog":true,"showMaterialUpdate":true,"showSkybox":false,"showFlares":true,"showImageEffects":true,"showParticleSystems":true},"in2DMode":false,"pivot":{"x":-0.16494038701057435,"y":0.6760826110839844,"z":-3.009542942047119},"rotation":{"x":0.5045268535614014,"y":0.10692829638719559,"z":-0.0631401389837265,"w":0.8544195890426636},"size":10.532716751098633,"orthographic":false}