{"cameraMode":{"drawMode":0,"name":"Shaded","section":"Shading Mode"},"sceneLighting":false,"audioPlay":false,"sceneViewState":{"showFog":true,"showMaterialUpdate":true,"showSkybox":false,"showFlares":true,"showImageEffects":true,"showParticleSystems":true},"in2DMode":false,"pivot":{"x":0.8861701488494873,"y":3.496732711791992,"z":-1.78650963306427},"rotation":{"x":-0.06469784677028656,"y":0.9352319836616516,"z":0.25398755073547366,"w":0.23810350894927979},"size":2.843177318572998,"orthographic":false}