{"cameraMode":{"drawMode":0,"name":"Shaded","section":"Shading Mode"},"sceneLighting":false,"audioPlay":false,"sceneViewState":{"showFog":true,"showMaterialUpdate":true,"showSkybox":false,"showFlares":true,"showImageEffects":true,"showParticleSystems":true},"in2DMode":false,"pivot":{"x":-3.3486549854278566,"y":1.1481332778930665,"z":-3.0195231437683107},"rotation":{"x":-0.23640401661396027,"y":0.758493185043335,"z":-0.47692811489105227,"w":-0.3759896755218506},"size":1.3056495189666749,"orthographic":false}