{"cameraMode":{"drawMode":0,"name":"Shaded","section":"Shading Mode"},"sceneLighting":false,"audioPlay":false,"sceneViewState":{"showFog":true,"showMaterialUpdate":true,"showSkybox":false,"showFlares":true,"showImageEffects":true,"showParticleSystems":true},"in2DMode":false,"pivot":{"x":3.589327096939087,"y":0.5095272064208984,"z":0.6184167861938477},"rotation":{"x":-0.001027718186378479,"y":-0.939764678478241,"z":0.34186825156211855,"w":-0.0028439827729016544},"size":10.815263748168946,"orthographic":false}