{"cameraMode":{"drawMode":0,"name":"Shaded","section":"Shading Mode"},"sceneLighting":false,"audioPlay":false,"sceneViewState":{"showFog":true,"showMaterialUpdate":true,"showSkybox":false,"showFlares":true,"showImageEffects":true,"showParticleSystems":true},"in2DMode":false,"pivot":{"x":0.021128252148628236,"y":-0.0013539493083953858,"z":0.511771559715271},"rotation":{"x":-0.33284398913383486,"y":-0.6335796117782593,"z":0.3485017716884613,"w":-0.6053372621536255},"size":1.8452343940734864,"orthographic":false}