{"cameraMode":{"drawMode":0,"name":"Shaded","section":"Shading Mode"},"sceneLighting":false,"audioPlay":false,"sceneViewState":{"showFog":true,"showMaterialUpdate":true,"showSkybox":false,"showFlares":true,"showImageEffects":true,"showParticleSystems":true},"in2DMode":false,"pivot":{"x":-0.013335492461919785,"y":-0.24517011642456056,"z":0.06241518259048462},"rotation":{"x":0.5348612666130066,"y":0.4620276391506195,"z":-0.4592638909816742,"w":0.5380800366401672},"size":7.334122657775879,"orthographic":false}