{"cameraMode":{"drawMode":0,"name":"Shaded","section":"Shading Mode"},"sceneLighting":false,"audioPlay":false,"sceneViewState":{"showFog":true,"showMaterialUpdate":true,"showSkybox":false,"showFlares":true,"showImageEffects":true,"showParticleSystems":true},"in2DMode":false,"pivot":{"x":3.146681070327759,"y":-0.33081138134002688,"z":2.8749160766601564},"rotation":{"x":0.10224094241857529,"y":0.23121094703674317,"z":-0.02443123608827591,"w":0.967252254486084},"size":8.460948944091797,"orthographic":false}