{"cameraMode":{"drawMode":0,"name":"Shaded","section":"Shading Mode"},"sceneLighting":false,"audioPlay":false,"sceneViewState":{"showFog":true,"showMaterialUpdate":true,"showSkybox":false,"showFlares":true,"showImageEffects":true,"showParticleSystems":true},"in2DMode":false,"pivot":{"x":0.8708025217056274,"y":1.1879358291625977,"z":3.8619518280029299},"rotation":{"x":0.02494213916361332,"y":0.25713688135147097,"z":-0.00662779388949275,"w":0.9660746455192566},"size":3.72160005569458,"orthographic":false}