{"cameraMode":{"drawMode":0,"name":"Shaded","section":"Shading Mode"},"sceneLighting":true,"audioPlay":false,"sceneViewState":{"showFog":true,"showMaterialUpdate":true,"showSkybox":false,"showFlares":true,"showImageEffects":true,"showParticleSystems":true},"in2DMode":false,"pivot":{"x":16.54306411743164,"y":31.34909439086914,"z":28.848485946655275},"rotation":{"x":0.24533440172672273,"y":-0.6275404095649719,"z":0.21863852441310883,"w":0.7059858441352844},"size":21.832618713378908,"orthographic":false}