{"cameraMode":{"drawMode":0,"name":"Shaded","section":"Shading Mode"},"sceneLighting":false,"audioPlay":false,"sceneViewState":{"showFog":true,"showMaterialUpdate":true,"showSkybox":false,"showFlares":true,"showImageEffects":true,"showParticleSystems":true},"in2DMode":false,"pivot":{"x":19.005781173706056,"y":-10.689458847045899,"z":2.006661891937256},"rotation":{"x":0.22147248685359956,"y":0.6201080679893494,"z":-0.18738152086734773,"w":0.7290565967559815},"size":26.523868560791017,"orthographic":false}