{"cameraMode":{"drawMode":0,"name":"Shaded","section":"Shading Mode"},"sceneLighting":false,"audioPlay":false,"sceneViewState":{"showFog":true,"showMaterialUpdate":true,"showSkybox":false,"showFlares":true,"showImageEffects":true,"showParticleSystems":true},"in2DMode":false,"pivot":{"x":0.00008605793118476868,"y":0.000010926160030066967,"z":0.000066372100263834},"rotation":{"x":0.32066288590431216,"y":0.522371768951416,"z":-0.22079288959503175,"w":0.7586546540260315},"size":0.02229156158864498,"orthographic":false}