{"cameraMode":{"drawMode":0,"name":"Shaded","section":"Shading Mode"},"sceneLighting":false,"audioPlay":false,"sceneViewState":{"showFog":true,"showMaterialUpdate":true,"showSkybox":false,"showFlares":true,"showImageEffects":true,"showParticleSystems":true},"in2DMode":false,"pivot":{"x":5.76517391204834,"y":-0.5730071067810059,"z":-0.5467556715011597},"rotation":{"x":0.04256635159254074,"y":0.7385963201522827,"z":-0.04680997133255005,"w":0.6712359189987183},"size":10.004820823669434,"orthographic":false}