{"cameraMode":{"drawMode":0,"name":"Shaded","section":"Shading Mode"},"sceneLighting":false,"audioPlay":false,"sceneViewState":{"showFog":true,"showMaterialUpdate":true,"showSkybox":false,"showFlares":true,"showImageEffects":true,"showParticleSystems":true},"in2DMode":false,"pivot":{"x":-0.31173208355903628,"y":-6.7464189529418949,"z":-3.1987762451171877},"rotation":{"x":0.2263306826353073,"y":-0.010580656118690968,"z":0.002444057958200574,"w":0.9740603566169739},"size":18.2076473236084,"orthographic":false}