{"cameraMode":{"drawMode":0,"name":"Shaded","section":"Shading Mode"},"sceneLighting":true,"audioPlay":false,"sceneViewState":{"showFog":true,"showMaterialUpdate":true,"showSkybox":true,"showFlares":true,"showImageEffects":true,"showParticleSystems":true},"in2DMode":false,"pivot":{"x":0.22053632140159608,"y":1.6270642280578614,"z":0.3700394034385681},"rotation":{"x":-0.06820884346961975,"y":0.9201586246490479,"z":-0.3378656208515167,"w":-0.18576335906982423},"size":1.0136852264404297,"orthographic":false}