{"cameraMode":{"drawMode":0,"name":"Shaded","section":"Shading Mode"},"sceneLighting":false,"audioPlay":false,"sceneViewState":{"showFog":true,"showMaterialUpdate":true,"showSkybox":false,"showFlares":true,"showImageEffects":true,"showParticleSystems":true},"in2DMode":false,"pivot":{"x":-0.35773301124572756,"y":0.2341928482055664,"z":-0.3441319465637207},"rotation":{"x":-0.261441707611084,"y":-0.29053089022636416,"z":0.08285340666770935,"w":-0.9167394042015076},"size":8.394696235656739,"orthographic":false}