{"cameraMode":{"drawMode":0,"name":"Shaded","section":"Shading Mode"},"sceneLighting":false,"audioPlay":false,"sceneViewState":{"showFog":true,"showMaterialUpdate":true,"showSkybox":false,"showFlares":true,"showImageEffects":true,"showParticleSystems":true},"in2DMode":false,"pivot":{"x":2.666548490524292,"y":-2.6144886016845705,"z":3.160275459289551},"rotation":{"x":0.3740369379520416,"y":0.6091464757919312,"z":-0.3945917785167694,"w":0.5774205327033997},"size":12.5040864944458,"orthographic":false}