{"cameraMode":{"drawMode":0,"name":"Shaded","section":"Shading Mode"},"sceneLighting":false,"audioPlay":false,"sceneViewState":{"showFog":true,"showMaterialUpdate":true,"showSkybox":false,"showFlares":true,"showImageEffects":true,"showParticleSystems":true},"in2DMode":false,"pivot":{"x":0.3496265411376953,"y":-0.02072429656982422,"z":-0.0022077560424804689},"rotation":{"x":-0.4454757571220398,"y":0.22671973705291749,"z":-0.11762885749340058,"w":-0.8581411838531494},"size":9.370198249816895,"orthographic":false}