{"cameraMode":{"drawMode":0,"name":"Shaded","section":"Shading Mode"},"sceneLighting":false,"audioPlay":false,"sceneViewState":{"showFog":true,"showMaterialUpdate":true,"showSkybox":false,"showFlares":true,"showImageEffects":true,"showParticleSystems":true},"in2DMode":false,"pivot":{"x":157.48439025878907,"y":90.83321380615235,"z":385.9211730957031},"rotation":{"x":-0.023997416719794275,"y":-0.005396479740738869,"z":-0.00012956529099028558,"w":0.9996978640556336},"size":667.3974609375,"orthographic":false}