{"cameraMode":{"drawMode":0,"name":"Shaded","section":"Shading Mode"},"sceneLighting":false,"audioPlay":false,"sceneViewState":{"showFog":true,"showMaterialUpdate":true,"showSkybox":false,"showFlares":true,"showImageEffects":true,"showParticleSystems":true},"in2DMode":false,"pivot":{"x":0.0,"y":0.2041592299938202,"z":-1.4901161193847657e-8},"rotation":{"x":-0.10540127754211426,"y":-0.35244783759117129,"z":0.0395582914352417,"w":-0.9291769862174988},"size":1.2584620714187623,"orthographic":false}