{"cameraMode":{"drawMode":0,"name":"Shaded","section":"Shading Mode"},"sceneLighting":false,"audioPlay":false,"sceneViewState":{"showFog":true,"showMaterialUpdate":true,"showSkybox":false,"showFlares":true,"showImageEffects":true,"showParticleSystems":true},"in2DMode":false,"pivot":{"x":0.261229544878006,"y":0.7404041290283203,"z":2.4662997722625734},"rotation":{"x":0.2864604890346527,"y":-0.06764616817235947,"z":0.021066999062895776,"w":0.955583930015564},"size":4.529280662536621,"orthographic":false}