{"cameraMode":{"drawMode":0,"name":"Shaded","section":"Shading Mode"},"sceneLighting":true,"audioPlay":false,"sceneViewState":{"showFog":true,"showMaterialUpdate":true,"showSkybox":true,"showFlares":true,"showImageEffects":true,"showParticleSystems":true},"in2DMode":false,"pivot":{"x":-2.0956382751464845,"y":3.935565710067749,"z":25.43218231201172},"rotation":{"x":0.11676860600709915,"y":-0.6998387575149536,"z":0.11761192232370377,"w":0.6948151588439941},"size":1.3114826679229737,"orthographic":false}