{"cameraMode":{"drawMode":0,"name":"Shaded","section":"Shading Mode"},"sceneLighting":false,"audioPlay":false,"sceneViewState":{"showFog":true,"showMaterialUpdate":true,"showSkybox":false,"showFlares":true,"showImageEffects":true,"showParticleSystems":true},"in2DMode":false,"pivot":{"x":0.5002222061157227,"y":1.5578691959381104,"z":-0.48903071880340578},"rotation":{"x":0.188656285405159,"y":-0.25815874338150027,"z":0.05146394297480583,"w":0.9461501240730286},"size":9.206698417663575,"orthographic":false}