{"cameraMode":{"drawMode":0,"name":"Shaded","section":"Shading Mode"},"sceneLighting":false,"audioPlay":false,"sceneViewState":{"showFog":true,"showMaterialUpdate":true,"showSkybox":false,"showFlares":true,"showImageEffects":true,"showParticleSystems":true},"in2DMode":false,"pivot":{"x":2.3397932052612306,"y":-9.878047943115235,"z":-8.67496109008789},"rotation":{"x":-0.338066041469574,"y":0.2536151707172394,"z":-0.09506624937057495,"w":-0.9013710618019104},"size":28.441001892089845,"orthographic":false}