{"cameraMode":{"drawMode":0,"name":"Shaded","section":"Shading Mode"},"sceneLighting":false,"audioPlay":false,"sceneViewState":{"showFog":true,"showMaterialUpdate":true,"showSkybox":false,"showFlares":true,"showImageEffects":true,"showParticleSystems":true},"in2DMode":false,"pivot":{"x":0.19833318889141084,"y":0.948603630065918,"z":1.8317152261734009},"rotation":{"x":-0.4869483411312103,"y":-0.026006190106272699,"z":0.014412631280720234,"w":-0.8729801774024963},"size":6.948281288146973,"orthographic":false}