{"cameraMode":{"drawMode":0,"name":"Shaded","section":"Shading Mode"},"sceneLighting":false,"audioPlay":false,"sceneViewState":{"showFog":true,"showMaterialUpdate":true,"showSkybox":false,"showFlares":true,"showImageEffects":true,"showParticleSystems":true},"in2DMode":false,"pivot":{"x":0.003722742199897766,"y":-0.013134271837770939,"z":-0.0033820495009422304},"rotation":{"x":-0.021521249786019326,"y":0.41750848293304446,"z":0.009899263270199299,"w":0.908403754234314},"size":0.7780060172080994,"orthographic":false}