{"cameraMode":{"drawMode":0,"name":"Shaded","section":"Shading Mode"},"sceneLighting":false,"audioPlay":false,"sceneViewState":{"showFog":true,"showMaterialUpdate":true,"showSkybox":false,"showFlares":true,"showImageEffects":true,"showParticleSystems":true},"in2DMode":false,"pivot":{"x":0.7702003121376038,"y":0.49653610587120058,"z":1.7876572608947755},"rotation":{"x":-0.0233362577855587,"y":0.9741395711898804,"z":-0.11925008893013,"w":-0.1905825436115265},"size":1.6416587829589844,"orthographic":false}