{"cameraMode":{"drawMode":0,"name":"Shaded","section":"Shading Mode"},"sceneLighting":false,"audioPlay":false,"sceneViewState":{"showFog":true,"showMaterialUpdate":true,"showSkybox":false,"showFlares":true,"showImageEffects":true,"showParticleSystems":true},"in2DMode":false,"pivot":{"x":0.3481740951538086,"y":3.7922191619873049,"z":8.568342208862305},"rotation":{"x":0.2895315885543823,"y":0.6238206624984741,"z":-0.26769357919692995,"w":0.6748664379119873},"size":10.589438438415528,"orthographic":false}