{"cameraMode":{"drawMode":0,"name":"Shaded","section":"Shading Mode"},"sceneLighting":false,"audioPlay":false,"sceneViewState":{"showFog":true,"showMaterialUpdate":true,"showSkybox":false,"showFlares":true,"showImageEffects":true,"showParticleSystems":true},"in2DMode":false,"pivot":{"x":-0.5877001881599426,"y":0.7449822425842285,"z":0.29405856132507326},"rotation":{"x":-0.003922080155462027,"y":0.9814398884773254,"z":-0.19109836220741273,"w":-0.019132954999804498},"size":3.0573205947875978,"orthographic":false}