{"cameraMode":{"drawMode":0,"name":"Shaded","section":"Shading Mode"},"sceneLighting":true,"audioPlay":false,"sceneViewState":{"showFog":true,"showMaterialUpdate":true,"showSkybox":false,"showFlares":true,"showImageEffects":true,"showParticleSystems":true},"in2DMode":false,"pivot":{"x":15.360161781311036,"y":-0.11267423629760742,"z":-12.25332260131836},"rotation":{"x":0.39017990231513979,"y":-0.005857561714947224,"z":0.002474913839250803,"w":0.9207896590232849},"size":13.99663257598877,"orthographic":false}