{"cameraMode":{"drawMode":0,"name":"Shaded","section":"Shading Mode"},"sceneLighting":false,"audioPlay":false,"sceneViewState":{"showFog":true,"showMaterialUpdate":true,"showSkybox":false,"showFlares":true,"showImageEffects":true,"showParticleSystems":true},"in2DMode":false,"pivot":{"x":0.1463775634765625,"y":2.0182249546051027,"z":-0.16460514068603517},"rotation":{"x":-0.015486245974898339,"y":0.12118648737668991,"z":0.001890770043246448,"w":0.9925071001052856},"size":5.2863078117370609,"orthographic":false}