{"cameraMode":{"drawMode":0,"name":"Shaded","section":"Shading Mode"},"sceneLighting":false,"audioPlay":false,"sceneViewState":{"showFog":true,"showMaterialUpdate":true,"showSkybox":false,"showFlares":true,"showImageEffects":true,"showParticleSystems":true},"in2DMode":false,"pivot":{"x":0.07112741470336914,"y":3.1982271671295168,"z":0.19919633865356446},"rotation":{"x":0.028466636314988138,"y":0.9707397222518921,"z":-0.18603262305259705,"w":0.14969050884246827},"size":5.626282215118408,"orthographic":false}