{"cameraMode":{"drawMode":0,"name":"Shaded","section":"Shading Mode"},"sceneLighting":false,"audioPlay":false,"sceneViewState":{"showFog":true,"showMaterialUpdate":true,"showSkybox":false,"showFlares":true,"showImageEffects":true,"showParticleSystems":true},"in2DMode":false,"pivot":{"x":-0.07731950283050537,"y":-7.499372482299805,"z":21.531522750854493},"rotation":{"x":0.1924757957458496,"y":-0.03617356717586517,"z":0.007094509433954954,"w":0.9806506037712097},"size":30.195541381835939,"orthographic":false}