{"cameraMode":{"drawMode":0,"name":"Shaded","section":"Shading Mode"},"sceneLighting":false,"audioPlay":false,"sceneViewState":{"showFog":true,"showMaterialUpdate":true,"showSkybox":false,"showFlares":true,"showImageEffects":true,"showParticleSystems":true},"in2DMode":false,"pivot":{"x":-1.5228271484375,"y":-0.255770206451416,"z":0.26765599846839907},"rotation":{"x":-0.1703912913799286,"y":0.6822023987770081,"z":-0.16825556755065919,"w":-0.6908556222915649},"size":7.444732189178467,"orthographic":false}