{"cameraMode":{"drawMode":0,"name":"Shaded","section":"Shading Mode"},"sceneLighting":false,"audioPlay":false,"sceneViewState":{"showFog":true,"showMaterialUpdate":true,"showSkybox":false,"showFlares":true,"showImageEffects":true,"showParticleSystems":true},"in2DMode":false,"pivot":{"x":1.2422691583633423,"y":1.4558799266815186,"z":-0.26136401295661929},"rotation":{"x":-0.28458133339881899,"y":-0.7013751864433289,"z":0.3707596957683563,"w":-0.5382406711578369},"size":9.971784591674805,"orthographic":false}