{"cameraMode":{"drawMode":0,"name":"Shaded","section":"Shading Mode"},"sceneLighting":false,"audioPlay":false,"sceneViewState":{"showFog":true,"showMaterialUpdate":true,"showSkybox":false,"showFlares":true,"showImageEffects":true,"showParticleSystems":true},"in2DMode":false,"pivot":{"x":-1.2416491508483887,"y":2.290724515914917,"z":0.3280463218688965},"rotation":{"x":0.3129696249961853,"y":-0.0014412973541766406,"z":0.00043456352432258427,"w":0.9497871994972229},"size":0.5392288565635681,"orthographic":false}