{"cameraMode":{"drawMode":0,"name":"Shaded","section":"Shading Mode"},"sceneLighting":false,"audioPlay":false,"sceneViewState":{"showFog":true,"showMaterialUpdate":true,"showSkybox":false,"showFlares":true,"showImageEffects":true,"showParticleSystems":true},"in2DMode":false,"pivot":{"x":4.278923034667969,"y":-7.121432304382324,"z":-2.8641319274902345},"rotation":{"x":0.25779685378074648,"y":0.716653048992157,"z":-0.33200252056121828,"w":0.5565588474273682},"size":15.320663452148438,"orthographic":false}